﻿Import/Export,2011-12,2012-13,2013-14,2014-15,2015-16,2016-17,2017-18
Imports - Crude Oil Import,672220,784652,864875,687416,416579,470159,565951
Product Import - LPG,27019,31674,37213,36571,25778,32124,37861
Product Import - Petrol,3311,891,1481,2301,4207,1617,581
Product Import - Naphtha,9827,9272,6044,4592,9581,8374,7797
Product Import - Aviation Turbine Fuel (ATF),0,0,0,706,889,1109,1103
Product Import - Kerosene,2710,0,0,172,158,0,0
Product Import - Diesel,5039,2771,452,670,605,2959,4224
Product Import - Lubes,8314,11339,12985,12702,9478,8625,11051
Product Import - Fuel Oil,4392,4218,5759,3659,2380,1848,3468
Product Import - Bitumen,197,272,801,1623,1832,1638,1672
Product Import - Petcoke,2616,3414,4082,5383,5633,7929,11135
Product Import - Others,4666,5001,7080,6266,4821,5342,8053
Total Product Import,68091,68852,75896,74644,65361,71566,86946
Total Import,740311,853504,940771,762060,481940,541725,652896
Product Export - LPG,947,1294,1589,1455,785,1168,1501
Product Export - Petrol,73982,95346,92977,81971,59575,52920,54573
Product Export - Naphtha,45620,43533,46059,31619,20057,24616,29075
Product Export - Aviation Turbine Fuel (ATF),21857,25223,33246,25413,16007,22294,25348
Product Export - Kerosene,191,140,98,81,35,54,68
Product Export - Diesel,104903,115554,148138,115149,66492,79857,99292
Product Export - Lubes,181,381,138,100,127,104,118
Product Export - Fuel Oil,25576,20415,22407,14251,4471,3930,5211
Product Export - Bitumen,27,281,321,245,176,37,119
Product Export - Petcoke/CBFS,1584,2636,3980,1806,750,804,686
Product Export - Others,9777,15286,19324,16490,8304,9109,9147
Total Export,284644,320090,368279,288580,176780,194893,225139
Net Import,455667,533415,572492,473481,305160,346832,427757
Net Product Export,216553,251238,292383,213936,111419,123327,138194